pg,active,version,minor,src_url
18,t,18.0,0,https://ftp.postgresql.org/pub/source/v18.0/postgresql-18.0.tar.bz2
17,t,17.6,6,https://ftp.postgresql.org/pub/source/v17.6/postgresql-17.6.tar.bz2
16,t,16.10,10,https://ftp.postgresql.org/pub/source/v16.10/postgresql-16.10.tar.bz2
15,t,15.14,14,https://ftp.postgresql.org/pub/source/v15.14/postgresql-15.14.tar.bz2
14,t,14.19,19,https://ftp.postgresql.org/pub/source/v14.19/postgresql-14.19.tar.bz2
13,f,13.22,22,https://ftp.postgresql.org/pub/source/v13.22/postgresql-13.22.tar.bz2
12,f,12.22,22,https://ftp.postgresql.org/pub/source/v12.22/postgresql-12.22.tar.bz2
11,f,11.22,22,https://ftp.postgresql.org/pub/source/v11.22/postgresql-11.22.tar.bz2
10,f,10.23,23,https://ftp.postgresql.org/pub/source/v10.23/postgresql-10.23.tar.bz2
